time,in1,in2,cal_time
-180,0.498459262712334,0.417782074190083,0.2377954
-178,0.498361720038765,0.417783024029792,0.2832668
-176,0.497788110246389,0.417269651592728,0.2500233
-174,0.497648934363693,0.417159125250651,0.2506321
-172,0.497606012022273,0.417125821934189,0.239333
-170,0.497432643690842,0.416954582074707,0.2614265
-168,0.497410063893124,0.41693361337062,0.2469473
-166,0.497372732125943,0.416899678414746,0.2320356
-164,0.49731650089355,0.416848050416835,0.2139898
-162,0.497313915483298,0.416849829800494,0.237234
-160,0.497300522113491,0.416839538636819,0.2736044
-158,0.497289855281284,0.41683049206994,0.2916836
-156,0.497292065989366,0.416833212818374,0.2819948
-154,0.497286395601273,0.416827503920931,0.2617089
-152,0.497282540184768,0.416823507682715,0.2919921
-150,0.497281419301636,0.416822359914149,0.2330654
-148,0.497278658018037,0.416819708313318,0.2231559
-146,0.497278162433973,0.416819386526899,0.2027858
-144,0.497278516305901,0.416819898414623,0.1977838
-142,0.497278326765696,0.416819808230322,0.2447928
-140,0.497278484916852,0.416820005182779,0.2130448
-138,0.497278307209002,0.416819827374048,0.2030541
-136,0.497277878070701,0.416819384472315,0.2150284
-134,0.497277680649761,0.416819176391122,0.2224429
-132,0.497277562510991,0.416819056407886,0.220049
-130,0.497277571090876,0.41681907003564,0.1849463
-128,0.497277682985061,0.416819188349064,0.2184404
-126,0.497277742704075,0.416819254104954,0.2044386
-124,0.497277747289,0.416819261799847,0.2310792
-122,0.497277710015448,0.416819220236221,0.2064655
-120,0.497277659611282,0.416819170606944,0.227324
-118,0.497277622247291,0.416819133995239,0.209845
-116,0.497277623965723,0.416819136503754,0.2179818
-114,0.497277638806866,0.416819150790392,0.2403978
-112,0.497277657440914,0.416819170115482,0.2164095
-110,0.497277670791122,0.416819184221202,0.2192487
-108,0.497277658145437,0.416819171142279,0.191949
-106,0.497277654278072,0.41681916690643,0.2427603
-104,0.497277642513277,0.416819155453174,0.2138312
-102,0.497277643067858,0.416819156427128,0.2095067
-100,0.497277647841439,0.416819161023038,0.226537
-98,0.497277649812082,0.41681916270256,0.2039138
-96,0.497277652051463,0.416819164730722,0.1898007
-94,0.497277647435637,0.416819159874105,0.2167758
-92,0.497277650582647,0.416819163564271,0.1887376
-90,0.497277647183905,0.416819160666933,0.2264539
-88,0.497277651022291,0.416819164432549,0.2199284
-86,0.497277650067767,0.416819163406847,0.2049191
-84,0.497277651700919,0.416819164987969,0.2096263
-82,0.497277650921973,0.416819163992818,0.1954609
-80,0.497277650736565,0.416819163590466,0.2234885
-78,0.497277651650681,0.416819164879254,0.2200462
-76,0.497277649164578,0.416819162022054,0.2052767
-74,0.497277650337426,0.416819162871758,0.2200573
-72,0.497277649847864,0.416819162760826,0.1906604
-70,0.497277648592765,0.416819160729147,0.2016237
-68,0.497277649474775,0.416819161429432,0.214024
-66,0.497277645571281,0.41681915707413,0.1979387
-64,0.497277644240493,0.416819155113042,0.204298
-62,0.497277645210406,0.416819156676003,0.2295291
-60,0.49727764587793,0.416819158119439,0.2298802
-58,0.497277646726393,0.416819158231937,0.2081451
-56,0.497277646181971,0.416819157191019,0.2335208
-54,0.497277642116334,0.416819152419952,0.2502198
-52,0.497277646152431,0.416819157344045,0.2620868
-50,0.497277641003872,0.416819151828888,0.2781872
-48,0.497277648751056,0.416819160598371,0.2291333
-46,0.497277647008415,0.416819159724928,0.2982143
-44,0.497277650734664,0.416819161764876,0.2153924
-42,0.49727764964729,0.416819160391691,0.2114504
-40,0.497277648470329,0.416819158830605,0.2168966
-38,0.497277645898258,0.416819155515756,0.2083942
-36,0.497277643151092,0.416819151796485,0.2189454
-34,0.497277645905972,0.416819155745735,0.2128727
-32,0.497277641154789,0.416819150160251,0.1950338
-30,0.497277648856252,0.416819159426958,0.2307187
-28,0.497277645591594,0.416819156978109,0.198952
-26,0.497277649956105,0.416819158997464,0.198675
-24,0.49727765049729,0.416819160655971,0.2320888
-22,0.497277648991202,0.41681915823274,0.2140311
-20,0.497277650457983,0.41681915924328,0.2165882
-18,0.497277646836563,0.41681915464072,0.210429
-16,0.497277646102773,0.41681915249188,0.2268547
-14,0.497277641096092,0.416819146077399,0.2115661
-12,0.497277646374358,0.416819153820768,0.2174111
-10,0.49727712539458,0.416818635356758,0.2062504
-8,0.497278590574795,0.416820102696626,0.205175
-6,0.497277275561739,0.416818788919606,0.2181116
-4,0.497281592672207,0.416823106559868,0.2170837
-2,0.497770832472483,0.417312346507197,0.2313468
0,0.497807529125221,0.417349043186323,0.1911993
2,0.497330783756556,0.416872297863074,0.2309079
4,0.496193473305387,0.415734987506952,0.2040112
6,0.493625155701479,0.413166670020483,0.2247826
8,0.490412717409358,0.409954231831105,0.2122165
10,0.486417903711556,0.405959418200444,0.2166575
12,0.481660206272742,0.401201720792683,0.2172441
14,0.476613488717992,0.39615500324482,0.2468558
16,0.471103727735804,0.39064524225948,0.2475391
18,0.465362655250217,0.384904169770512,0.2248228
20,0.459518764752055,0.379060279272597,0.2342686
22,0.45352029352928,0.373061808053252,0.2192083
24,0.447486032298393,0.367027546826837,0.2110815
26,0.44209566812603,0.361637182658124,0.2083963
28,0.437034232003522,0.35657574653766,0.2337599
30,0.4325616848492,0.352103199383956,0.1998765
32,0.428814988285801,0.348356502820377,0.2084485
34,0.425507987780219,0.345049502314425,0.213325
36,0.422816623227185,0.342358137761176,0.1862208
38,0.420331744235571,0.339873258769577,0.2212642
40,0.41857608372183,0.338117598255997,0.2089828
42,0.417288088430959,0.336829602965314,0.2131556
44,0.416525755053925,0.336067269588416,0.2180152
46,0.41669847209468,0.336239986629233,0.22481
48,0.4174413692096,0.336982883744158,0.2227634
50,0.418937110702547,0.338478625237085,0.218207
52,0.420699163978076,0.340240678512597,0.2165738
54,0.422700529332186,0.342242043866701,0.1915074
56,0.424890218777947,0.344431733312467,0.2131419
58,0.427148576870887,0.346690091405418,0.2295782
60,0.429877185996875,0.349418700531416,0.2170942
62,0.43286239818645,0.352403912720998,0.2117542
64,0.436205370894266,0.355746885428816,0.2070735
66,0.439690299090465,0.359231813625017,0.1957067
68,0.442203407138121,0.361744921672673,0.2047099
70,0.44509950243237,0.364641016966923,0.2105713
72,0.447603229747393,0.367144744281948,0.2206396
74,0.450521317227375,0.370062831761931,0.205267
76,0.453551781207437,0.373093295741994,0.213433
78,0.456233426952452,0.37577494148701,0.2151017
80,0.458928924278077,0.378470438812636,0.2203577
82,0.461520832769925,0.381062347304485,0.207466
84,0.464110210996194,0.383651725530755,0.2046337
86,0.466589021250117,0.386130535784679,0.1997992
88,0.468921060242179,0.38846257477674,0.1966087
90,0.471093370015765,0.390634884550326,0.2167901
92,0.473199042029864,0.392740556564426,0.2230441
94,0.475258880436495,0.394800394971057,0.2043092
96,0.477683918312958,0.397225432847519,0.2115317
98,0.480296071322811,0.399837585857371,0.2177642
100,0.483212303829675,0.402753818364234,0.2266933
102,0.486275744026903,0.405817258561461,0.1940817
104,0.489393747393179,0.408935261927736,0.2138179
106,0.49260720010115,0.412148714635705,0.2145445
108,0.495854116925876,0.41539563146043,0.2063741
110,0.499131515819949,0.418673030354501,0.1977443
112,0.502713433695375,0.422254948229926,0.2051136
114,0.506432100601509,0.425973615136057,0.200155
116,0.510358548411355,0.4299000629459,0.2132888
118,0.514411091938718,0.433952606473261,0.2136097
120,0.518567804707964,0.438109319242503,0.1990202
122,0.52281947163935,0.442360986173886,0.2386059
124,0.527158457319026,0.446699971853558,0.2012262
126,0.531539277455361,0.45108079198989,0.2190407
128,0.535327182662387,0.454868697196912,0.2221636
130,0.538872649322483,0.458414163857006,0.2179122
132,0.542033863660789,0.461575378195309,0.2087138
134,0.544882590727073,0.46442410526159,0.2167199
136,0.547455187257849,0.466996701792364,0.2230276
138,0.549831250893673,0.469372765428185,0.2187852
140,0.551978084392641,0.47151959892715,0.2176202
142,0.553984203104863,0.473525717639369,0.213358
144,0.555937176593099,0.475478691127603,0.1942064
146,0.558291643312492,0.477833157846993,0.2112816
148,0.560785646896474,0.480327161430972,0.2267589
150,0.563521793639863,0.483063308174357,0.2317728
152,0.56650053331217,0.486042047846661,0.2102214
154,0.570131322231316,0.489672836765802,0.2060304
156,0.574055069411364,0.493596583945846,0.1973969
158,0.578365906253197,0.497907420787675,0.2078187
160,0.582399592394475,0.501941106928949,0.1872934
162,0.586625006828027,0.506166521362497,0.214377
164,0.591317840692563,0.510859355227029,0.2102987
166,0.595840673208057,0.515382187742518,0.2112772
168,0.600697856481857,0.520239371016313,0.1999805
170,0.605796378491122,0.525337893025574,0.1999883
172,0.611325989347637,0.530867503882083,0.1955763
174,0.617053295423411,0.536594809957851,0.2245516
176,0.623030126378786,0.542571640913221,0.1877292
178,0.62929551773069,0.548837032265119,0.1995403
180,0.635665833805552,0.555207348339975,0.1936791
182,0.641195109133293,0.560736623667709,0.191914
184,0.646484995391076,0.566026509925484,0.1828592
186,0.651668149021649,0.571209663556047,0.2180286
188,0.656057618691503,0.57559913322589,0.2052052
190,0.660013728022673,0.57955524255705,0.2125919
192,0.663871499425608,0.583413013959975,0.1988868
194,0.66753517788673,0.587076692421086,0.2117571
196,0.670963059275061,0.590504573809406,0.1944264
198,0.674279978619327,0.593821493153661,0.223016
200,0.677556383270278,0.597097897804601,0.2116464
202,0.679572753937153,0.599114268471464,0.2007951
204,0.681117245217809,0.600658759752109,0.2345024
206,0.682645151457325,0.602186665991614,0.1975602
208,0.683774377441411,0.60331589197569,0.1961086
210,0.684417686051962,0.60395920058623,0.2117514
212,0.684828551113827,0.604370065648084,0.1997591
214,0.685158873635787,0.604700388170034,0.1927956
216,0.685392591348755,0.604934105882992,0.206013
218,0.685538875796661,0.605080390330888,0.196278
220,0.685645046084902,0.605186560619118,0.204252
222,0.685722165009043,0.60526367954325,0.204981
224,0.685756923157147,0.605298437691344,0.2251926
226,0.685762473055506,0.605303987589692,0.1848731
228,0.68576535082755,0.605306865361726,0.204619
230,0.685768818442054,0.60531033297622,0.2062133
232,0.685753820752934,0.60529533528709,0.1843886
234,0.685006649663648,0.604548164197794,0.2149549
236,0.684034733627715,0.603576248161852,0.187118
238,0.683091720915642,0.60263323544977,0.2139933
240,0.68139705243593,0.600938566970049,0.2141836
242,0.679242056029618,0.598783570563728,0.2023386
244,0.676960272404809,0.596501786938909,0.2086624
246,0.674442238732636,0.593983753266728,0.1947591
248,0.671632217501834,0.591173732035917,0.2161599
250,0.668665124587951,0.588206639122026,0.2318023
252,0.665641471535091,0.585182986069157,0.1906415
254,0.662553426761428,0.582094941295486,0.1940756
256,0.65939695399057,0.578938468524621,0.2068221
258,0.656225858685551,0.575767373219594,0.2073201
260,0.653049720117305,0.572591234651339,0.1995523
262,0.649859511100922,0.569401025634947,0.2128904
264,0.646663352395612,0.56620486692963,0.2209082
266,0.643470677729021,0.563012192263031,0.2011403
268,0.640280498807407,0.559822013341409,0.2283277
270,0.637089278123151,0.556630792657148,0.201373
272,0.633898146039503,0.553439660573492,0.2077983
274,0.630709251314176,0.550250765848158,0.2165463
276,0.627522667818781,0.547064182352757,0.2122191
278,0.62433718525834,0.543878699792309,0.2002233
280,0.621120599438471,0.540662113972434,0.2154081
282,0.617895816564459,0.537437331098416,0.2074638
284,0.614663762361169,0.53420527689512,0.2179842
286,0.611413469163583,0.530954983697527,0.2185038
288,0.608153851717122,0.52769536625106,0.2130031
290,0.604899697866879,0.524441212400811,0.206852
292,0.60212834549648,0.521669860030406,0.2280103
294,0.599507217745964,0.519048732279884,0.213263
296,0.597074680959259,0.516616195493174,0.2055276
298,0.594942512922715,0.514484027456627,0.2165404
300,0.592912542190707,0.512454056724615,0.2493041
302,0.590914944093904,0.510456458627807,0.2003916
304,0.589317502019601,0.508859016553499,0.2031447
306,0.587881054156177,0.50742256869007,0.2013601
308,0.586594109544343,0.506135624078232,0.2034042
310,0.585518022770972,0.505059537304857,0.1860148
312,0.584518489581065,0.504060004114946,0.2262658
314,0.583550973708068,0.503092488241945,0.2170744
316,0.582642174164631,0.502183688698505,0.2211795
318,0.581771653436103,0.501313167969974,0.2123002
320,0.581282532799463,0.500824047333329,0.2258741
322,0.580939836444659,0.500481350978521,0.2111134
324,0.58078638647324,0.500327901007099,0.2102241
326,0.580858649217041,0.500400163750898,0.2391242
328,0.58099520150774,0.500536716041593,0.2563294
330,0.581171795243895,0.500713309777745,0.2536649
332,0.581416145163033,0.50095765969688,0.263638
334,0.58158898271235,0.501130497246193,0.2521643
336,0.581733766501221,0.50127528103506,0.2265905
338,0.58184763000207,0.501389144535905,0.2041619
340,0.581912363586057,0.501453878119888,0.1978454
342,0.581963824163978,0.501505338697807,0.2248152
344,0.582008447356708,0.501549961890533,0.2076578
346,0.582041584211321,0.501583098745142,0.204886
348,0.582064598881097,0.501606113414914,0.2177565
350,0.58209250247986,0.501634017013675,0.2058829
352,0.582693056558602,0.502234571092414,0.214173
354,0.583490406941395,0.503031921475204,0.2021531
356,0.584556292546631,0.504097807080438,0.2120846
358,0.585958895391815,0.50550040992562,0.2037071
360,0.587684195289227,0.507225709823029,0.2215881
362,0.589544503835133,0.509086018368932,0.2122311
364,0.591604653825825,0.511146168359621,0.2308159
366,0.593850009648903,0.513391524182697,0.2111625
368,0.59614323512953,0.515684749663321,0.228386
370,0.597945514463204,0.517487028996992,0.1934546
372,0.599623282569995,0.51916479710378,0.1963513
374,0.601119881574698,0.520661396108481,0.2099748
376,0.602314073519193,0.521855588052973,0.2151769
378,0.603406167148252,0.522947681682029,0.2458556
380,0.604476388043652,0.524017902577426,0.2301429
382,0.605468063838246,0.525009578372018,0.2043118
384,0.606406604982305,0.525948119516073,0.1959229
386,0.607334709093699,0.526876223627464,0.2137045
388,0.607872789722821,0.527414304256581,0.1976268
390,0.608269138044746,0.527810652578501,0.2163557
392,0.608523161891236,0.528064676424986,0.2086757
394,0.607986491884159,0.527528006417904,0.2154945
396,0.607171794211478,0.526713308745217,0.2272871
398,0.606136550263614,0.525678064797347,0.236711
400,0.604311999303434,0.523853513837162,0.2066537
402,0.602180378472945,0.521721893006666,0.2155182
404,0.599863273782754,0.519404788316469,0.1890382
406,0.59721267378639,0.5167541883201,0.200898
408,0.594391506504045,0.513933021037749,0.1939519
410,0.591531943611366,0.511073458145064,0.2347002
412,0.588589510255798,0.508131024789489,0.235048
414,0.585583328545145,0.505124843078831,0.2193525
416,0.583056017271154,0.502597531804834,0.2781689
418,0.580675882176719,0.500217396710394,0.2418816
420,0.578510644216627,0.498052158750298,0.2637768
422,0.576830256945929,0.496371771479596,0.2730482
424,0.57529440064667,0.494835915180333,0.2464536
426,0.573898198500676,0.493439713034334,0.1989444
428,0.572705892026189,0.492247406559842,0.1957111
430,0.571470127424007,0.491011641957655,0.2041556
432,0.570223739237127,0.489765253770771,0.200503
434,0.568977426287087,0.488518940820728,0.1982846
436,0.567701196947592,0.48724271148123,0.2141838
438,0.566945850964997,0.486487365498631,0.2146254
440,0.566393841728574,0.485935356262494,0.1938947
442,0.56711441108326,0.486655925617397,0.1975928
444,0.56850835810998,0.48804987264425,0.2255864
446,0.570508028882714,0.490049543417048,0.1935126
448,0.573516936891631,0.493058451425986,0.2039895
450,0.57689931306404,0.496440827598399,0.2056121
452,0.5806250744162,0.500166588950563,0.202968
454,0.584758736709586,0.504300251243957,0.2073631
456,0.589041657443578,0.508583171977959,0.2260083
458,0.593399039566191,0.51294055410058,0.2021153
460,0.597869595537387,0.517411110071783,0.2033445
462,0.602401845981436,0.521943360515836,0.2015558
464,0.606916695953921,0.526458210488323,0.2011495
466,0.61144453949901,0.53098605403341,0.2075921
468,0.6159816125302,0.535523127064598,0.2197614
470,0.620505113088649,0.540046627623048,0.1911756
472,0.625020613789914,0.544562128324315,0.2135985
474,0.629540199357665,0.549081713892068,0.1940851
476,0.63405182451549,0.553593339049894,0.2026098
478,0.637957845099779,0.557499359634183,0.1924994
480,0.641658394684229,0.561199909218632,0.2073935
482,0.645243739508028,0.56478525404243,0.2171141
484,0.648517945477403,0.568059460011805,0.2164536
486,0.651578801578746,0.571120316113148,0.2311929
488,0.654596467032012,0.574137981566414,0.2283267
490,0.657580541214694,0.577122055749097,0.2219299
492,0.660498210910494,0.580039725444896,0.2639527
494,0.663362510616733,0.582904025151136,0.2019604
496,0.665472230481471,0.585013745015874,0.2380083
498,0.667337337834054,0.586878852368457,0.2495977
500,0.669141905243913,0.588683419778316,0.2177126
502,0.669679832836988,0.589221347371391,0.229068
504,0.669619068648813,0.589160583183215,0.2906586
506,0.669431670862873,0.588973185397274,0.2183752
508,0.668243136420894,0.587784650955294,0.1940358
510,0.666408635897263,0.585950150431662,0.2009771
512,0.664353353721626,0.583894868256015,0.2148407
514,0.654408164853869,0.573373097496573,0.1951736
516,0.637328993924517,0.554733737225443,0.2161972
518,0.619869959452293,0.535002199529297,0.2098952
520,0.597221677727659,0.50975650531198,0.2160404
522,0.567823100492113,0.477722027258616,0.1872299
524,0.543839420487203,0.451678072871422,0.1998684
526,0.523416969654803,0.42997411450184,0.2377965
528,0.508480351100783,0.414529106104703,0.2348045
530,0.500097138197902,0.406264982400026,0.2625719
532,0.495067085630224,0.401721320412453,0.2315627
534,0.493183432153024,0.400505130980081,0.2400623
536,0.493316962342957,0.401341411624523,0.2132842
538,0.494031318239153,0.40269893822682,0.2315833
540,0.495121255747107,0.40433567852499,0.2122677
542,0.496196448378296,0.405828149496114,0.1901836
544,0.496417099160289,0.406303907253061,0.208907
546,0.495835295940033,0.405759866392797,0.1882577
548,0.494983026122244,0.404815051324126,0.2158197
550,0.494943585639982,0.404598551226172,0.192146
552,0.495534837337721,0.404943901332079,0.2392468
554,0.496861562619152,0.405961629990737,0.2083678
556,0.496289762145983,0.404999068691072,0.2101468
558,0.496677251519419,0.404890828852383,0.2107405
560,0.4957477650647,0.40329530010251,0.217555
562,0.495617492935103,0.402371441832113,0.1917532
564,0.495855887278546,0.401756366889631,0.2142786
566,0.497887610700812,0.402938286929483,0.2218711
568,0.498813033359556,0.403088283172078,0.2043845
570,0.500664255174197,0.404307474695605,0.2157653
572,0.501770611593976,0.40489869718633,0.2154869
574,0.502327013270585,0.405033434743792,0.1979167
576,0.503395663494975,0.405765988075061,0.1943795
578,0.504024628210093,0.40611528911098,0.2103307
580,0.504899871299866,0.406759184113572,0.2392542
582,0.505624260894604,0.407296101360844,0.2209018
584,0.506168379917013,0.407688092615683,0.2263846
586,0.506562251437133,0.407953200334808,0.1974775
588,0.506848127853416,0.408123843144674,0.2063604
590,0.507123806457122,0.408295410798189,0.2159256
592,0.507407735966752,0.408486965481656,0.2143956
594,0.507746800067594,0.40874722761053,0.2186154
596,0.507943651475971,0.408880550473353,0.2239584
598,0.508124847438857,0.409013599485666,0.1971301
600,0.508194036692165,0.409044555003747,0.2037332
602,0.508224032359644,0.409042383434038,0.1943114
604,0.50826481385305,0.409054880899242,0.2054189
606,0.508275646388143,0.409039319049913,0.2180888
608,0.50828962593902,0.409028301527559,0.2276351
610,0.508302554874488,0.409017360641202,0.2084243
612,0.508305842855335,0.408997821099402,0.2025035
614,0.508321932974318,0.408993146241131,0.2168231
616,0.508352706303535,0.40900609627742,0.2011764
618,0.508409890627811,0.409049233547277,0.2014614
620,0.508444253169218,0.409073841435646,0.2056582
622,0.508484745091289,0.409108871590552,0.2222645
624,0.508505215556681,0.409126539176628,0.2174476
626,0.508519648470775,0.40913965576147,0.2121931
628,0.508537974365372,0.409157498342295,0.2112352
630,0.508548051004816,0.409167342014256,0.2014118
632,0.508558161113548,0.409177313241466,0.1972784
634,0.508565995658416,0.409185023124805,0.2096028
636,0.508570253709492,0.409189128543891,0.2442467
638,0.508573413945831,0.409192143294584,0.2432815
640,0.50857472592848,0.409193291625653,0.2874554
642,0.508574621559304,0.40919301771524,0.2660336
644,0.508573412033749,0.409191858803246,0.2500242
646,0.508572295007747,0.409190506941107,0.2169557
648,0.50857030700341,0.409188255662787,0.200246
650,0.50856885051845,0.409186537686085,0.2314664
652,0.508567490008059,0.409184992535966,0.2105305
654,0.50856629533064,0.409183678193841,0.2091151
656,0.508565724337492,0.409183051992206,0.2029212
658,0.50856462820121,0.40918195315518,0.2218591
660,0.508564461694657,0.409181797095721,0.2201933
662,0.508564108594121,0.409181457163381,0.2063431
664,0.508564194144344,0.409181570630378,0.2141797
666,0.508564580393869,0.40918197290248,0.2264334
668,0.508564916964193,0.409182375129628,0.2124533
670,0.508565488348864,0.409183021321255,0.205046
672,0.508565228924438,0.409182823045584,0.2080688
674,0.508565880965508,0.409183388220676,0.2224327
676,0.508565524053143,0.409183093723434,0.2320394
678,0.508566057623038,0.409183571836453,0.205574
680,0.508566046764152,0.409183652908064,0.2128623
682,0.508566296603105,0.409183839013424,0.226251
684,0.508566558679103,0.409184214487562,0.2152295
686,0.508565808976469,0.409183400878625,0.2124738
688,0.50856633616688,0.409184056206391,0.2225528
690,0.508565474449,0.409183160462107,0.1972793
692,0.508566075189394,0.409183881450461,0.2286237
694,0.508565982130995,0.409183871437088,0.2099541
696,0.508566322270606,0.409184150481469,0.2334899
698,0.50856587988822,0.409183803140064,0.2307626
700,0.508566304265044,0.409184180099714,0.2030597
702,0.508565715388214,0.409183535096686,0.1979716
704,0.508565973177575,0.409183875594751,0.2147446
706,0.508565797907436,0.409183588961107,0.2315014
708,0.50856590845466,0.409183815072272,0.2088089
710,0.508566059336214,0.409183940767222,0.206193
712,0.508565532570206,0.409183537637342,0.2277737
714,0.508565861155669,0.409183931083496,0.1960337
716,0.50856530355431,0.409183239016198,0.2356111
718,0.508565595258396,0.409183654585221,0.1979073
720,0.508565514259791,0.409183667940495,0.2158293
722,0.508565758657127,0.409183833229704,0.2063192
724,0.508566009540154,0.409184177385817,0.215949
726,0.508565488116136,0.40918374850044,0.1874812
728,0.50856584642345,0.409184194980676,0.1916568
730,0.508565354313823,0.409183778112507,0.2052817
732,0.508565777975139,0.409184167989442,0.2133891
734,0.508565688237411,0.409184030881312,0.2046219
736,0.508566052085301,0.409184364783747,0.2157362
738,0.508566043041735,0.409184350139017,0.2101525
740,0.508565614995588,0.409183873255582,0.1951671
742,0.508577668066704,0.409197188405538,0.2182041
744,0.508683745127035,0.409316744374737,0.2327769
746,0.508989546873649,0.40966326257261,0.1954303
748,0.509686294569741,0.410452272072169,0.2110141
750,0.510323863271511,0.411256597535368,0.2290808
752,0.511364919535594,0.412552926694812,0.2009289
754,0.511879696637392,0.413409698708027,0.2161658
756,0.512519504908424,0.414474698868462,0.2269737
758,0.513094270668927,0.41553786173053,0.2228553
760,0.513320287732253,0.416298270789288,0.2119209
762,0.513628808069415,0.41717637085585,0.2195988
764,0.513599945486876,0.417726382920621,0.2121699
766,0.513314965363004,0.41800896369234,0.2050603
768,0.512814327316922,0.418051454539111,0.2001343
770,0.512392215100495,0.418137071345662,0.2232892
772,0.511843375032184,0.418056895439195,0.2058097
774,0.511385762498571,0.418038644107052,0.2107403
776,0.511001967898289,0.418073257999553,0.1962927
778,0.51059635536278,0.418074928680162,0.1877898
780,0.510366287512965,0.418254457074714,0.211661
782,0.510249457849395,0.418556776345603,0.2251327
784,0.509922152956171,0.418652254969,0.2031639
786,0.509489976215106,0.418634801818331,0.215761
788,0.508704496966339,0.418239017535987,0.209154
790,0.508155057834677,0.41804031319045,0.2044747
792,0.507507308728681,0.417696317345088,0.2235787
794,0.506957738706892,0.417411682110959,0.2198717
796,0.506612665693437,0.417302275077559,0.1904618
798,0.506294683595462,0.417205910062895,0.2221764
800,0.506315481207551,0.417457837812817,0.1932123
802,0.506634362400261,0.418034444598517,0.1994157
804,0.50682715214204,0.418531642508807,0.1986975
806,0.507383536445254,0.419458547166346,0.2106585
808,0.508089103502805,0.420601598882758,0.217152
810,0.508511558435496,0.421534943293362,0.2148154
812,0.509601822451382,0.423256276271894,0.2129131
814,0.511404467096317,0.425863880603402,0.1997106
816,0.514607320742756,0.430112260533909,0.2105413
818,0.51507142059299,0.431785669675898,0.22726
820,0.513791621338217,0.431550529841998,0.1835629
822,0.50811282005652,0.426626842782387,0.2194716
824,0.505702028107608,0.424631235756437,0.2029969
826,0.498616081078907,0.417468577889546,0.2215906
828,0.494118404255509,0.413139276639285,0.2107195
830,0.487499600247101,0.406668303449081,0.2083281
832,0.480133210250023,0.399430425564192,0.2025829
834,0.476473480455131,0.395869930048693,0.2244656
836,0.468919585632606,0.388381354124045,0.2073905
838,0.463383703458571,0.382881255192166,0.2052995
840,0.455873580582259,0.37538715403323,0.1994061
842,0.44830067901658,0.367820507778466,0.2110749
844,0.441262737221659,0.360785952700611,0.2137905
846,0.433519796428751,0.35304663271097,0.2078383
848,0.426112460753994,0.345643523821663,0.2055675
850,0.419056539230304,0.33859164019402,0.2269211
852,0.412180088103494,0.331718255028409,0.2250134
854,0.405830910586256,0.325370902377618,0.2211889
856,0.39952641160479,0.319067199765373,0.2041145
858,0.393479024680832,0.313020008716773,0.2089488
860,0.38758500152376,0.307125971815555,0.198657
862,0.381791390773731,0.301332366345964,0.2270641
864,0.376003714155454,0.29554477999559,0.1995411
866,0.370187783432414,0.289728993277345,0.2135395
868,0.364331158016409,0.283872508633792,0.2306082
870,0.358472003797851,0.278013453425861,0.2121053
872,0.35320470218199,0.272746200806476,0.2091967
874,0.348341506537359,0.26788301726471,0.2206242
876,0.344046514494481,0.263588020079703,0.2030491
878,0.34042243934781,0.259963937824697,0.2039934
880,0.337383156930703,0.256924653367808,0.2287531
882,0.335957873108286,0.255499372853292,0.202513
884,0.33545724741953,0.254998752930927,0.2207482
886,0.33654573285779,0.256087243628932,0.1933834
888,0.338262973851752,0.257804487839012,0.2177363
890,0.340804541159407,0.26034605627582,0.2195499
892,0.343662872951163,0.263204387894589,0.2239282
894,0.34680777210446,0.266349286462984,0.2228578
896,0.350149564285297,0.269691078220688,0.198258
898,0.353580490264329,0.273122004116609,0.2194383
900,0.357124076723244,0.276665590745982,0.2164893
902,0.360708032878017,0.28024954715278,0.2088651
904,0.364340794029401,0.283882308505066,0.2005395
906,0.36754458253308,0.287086097108147,0.219361
908,0.370458302521918,0.289999817110405,0.2164409
910,0.372969815002546,0.29251132956151,0.2248121
912,0.375353738194479,0.294895252719596,0.20825
914,0.377595106079165,0.297136620585983,0.2244698
916,0.379749516396124,0.2992910309023,0.200634
918,0.381650506271321,0.301192020787106,0.2116031
920,0.383358904617947,0.302900419144937,0.2137075
922,0.384849438940132,0.304390953474633,0.2157969
924,0.385528261489571,0.30506977602673,0.2262168
926,0.38565543062829,0.305196945164721,0.2126161
928,0.384479021173252,0.304020535707737,0.236194
930,0.382678431023459,0.302219945556359,0.2035229
932,0.379636572539465,0.29917808707173,0.2399283
934,0.375965392111049,0.295506906643483,0.2203119
936,0.371629106547288,0.291170621080248,0.2190389
938,0.36694728959761,0.286488804131063,0.2334901
940,0.362048715958071,0.281590230491796,0.2003048
942,0.356948808063733,0.27649032259751,0.2137122
944,0.351775142789152,0.271316657322856,0.2095081
946,0.346812045751702,0.266353560285311,0.2083253
948,0.342021765850948,0.2615632803845,0.1951539
950,0.337482969905532,0.257024484439078,0.2434794
952,0.333001282599519,0.252542797133092,0.2386189
954,0.328621032374618,0.248162546908227,0.2758803
956,0.324474376898652,0.244015891432292,0.2486354
958,0.320495109837366,0.240036624371025,0.2668684
960,0.316733298459117,0.236274812992784,0.2846044
962,0.313933519512248,0.233475034045921,0.2362775
964,0.311893842685245,0.231435357218926,0.2100944
966,0.310739219072688,0.230280733606379,0.2270608
968,0.309859025943392,0.229400540477096,0.2268125
970,0.309358674638798,0.228900189172515,0.2119742
972,0.308992508044667,0.228534022578397,0.1958304
974,0.308762776655457,0.228304291189199,0.2086123
976,0.308614604670567,0.228156119204318,0.2194147
978,0.30851053451833,0.228052049052093,0.2168029
980,0.308455782268725,0.227997296802498,0.2266569
982,0.308417780101815,0.227959294635599,0.2172213
984,0.308406081431093,0.227947595964888,0.2281822
986,0.308403521361615,0.227945035895422,0.224969
988,0.308412472860117,0.227953987393936,0.2209522
990,0.308426774800145,0.227968289333976,0.2193948
992,0.308444723548462,0.227986238082305,0.2119989
994,0.308465182081383,0.228006696615239,0.2069872
996,0.308486128219519,0.228027642753388,0.2031508
998,0.308508585242844,0.228050099776725,0.211779
1000,0.308530396132294,0.228071910666186,0.2347805
1002,0.308552759459837,0.22809427399374,0.2164762
1004,0.308574503346198,0.228116017880113,0.2009913
1006,0.308596738586375,0.228138253120301,0.2201549
1008,0.308618842846941,0.228160357380879,0.2069303
1010,0.308641257850861,0.228182772384811,0.2213916
1012,0.308663805927708,0.228205320461671,0.2370679
1014,0.308686482908107,0.228227997442082,0.2202604
1016,0.308709290818362,0.22825080535235,0.2010028
1018,0.308732088838555,0.228273603372555,0.213008
1020,0.308754946681461,0.228296461215472,0.2633723
1022,0.3087777775185,0.228319292052523,0.2152847
1024,0.308800608517237,0.228342123051272,0.2168136
1026,0.308823402821541,0.228364917355588,0.2209485
1028,0.308846169644828,0.228387684178888,0.2115942
1030,0.308868923582463,0.228410438116535,0.2194379
1032,0.308891663677096,0.228433178211181,0.2131796
1034,0.30891440725193,0.228455921786028,0.2011475
1036,0.308937151638332,0.228478666172441,0.2074402
1038,0.308959904542226,0.228501419076348,0.2175765
1040,0.308982234524276,0.228523749058411,0.2145041
1042,0.3090054945833,0.228547009117448,0.2088409
1044,0.309027667028728,0.228569181562889,0.2189217
1046,0.309053622154596,0.228595136688769,0.2452523
1048,0.309483849368318,0.229025363902503,0.2100881
1050,0.310212274762508,0.229753789296705,0.2357216
1052,0.311321052252492,0.230862566786702,0.2233647
1054,0.312535791261563,0.232077305795786,0.2373956
1056,0.313912754712922,0.233454269247158,0.2937379
1058,0.31534290791542,0.234884422449668,0.2203865
1060,0.316829717920966,0.236371232455225,0.2200528
1062,0.318348686096523,0.237890200630795,0.2278105
1064,0.3196435886461,0.239185103180384,0.2285578
1066,0.320783596708907,0.240325111243204,0.2299073
1068,0.321703873668473,0.241245388202783,0.2230297
1070,0.322571847350719,0.24211336188504,0.2363871
1072,0.323349219047672,0.242890733582006,0.2215544
1074,0.324097777967236,0.243639292501582,0.228306
1076,0.324815491916639,0.244357006450998,0.1991989
1078,0.325327342914614,0.244868857448985,0.2185006
1080,0.325698871883835,0.245240386418219,0.2131136
1082,0.325883279505911,0.245424794040308,0.2007203
1084,0.326019759559981,0.24556127409439,0.2190705
1086,0.326650466907547,0.246191981441969,0.2367114
1088,0.327669937108598,0.247211451643031,0.2170246
1090,0.329199384482352,0.248740899016797,0.2158507
1092,0.330872772936053,0.25041428747051,0.1934325
1094,0.333407754450061,0.252949268984528,0.2027299
1096,0.336481758958734,0.25602327349321,0.2135755
1098,0.340230186224474,0.259771700758959,0.1947532
1100,0.344198649459073,0.263740163993566,0.2160102
1102,0.347804347880708,0.26734586241521,0.2211131
1104,0.351100073592838,0.270641588127348,0.2111048
1106,0.353897720544074,0.273439235078593,0.229614
1108,0.356463674951218,0.276005189485745,0.2063357
1110,0.358745120044386,0.278286634578921,0.2016409
1112,0.360837048590403,0.280378563124946,0.2233222
1114,0.362845097044719,0.282386611579269,0.2317514
1116,0.364756832323227,0.284298346857785,0.2114964
1118,0.366634952607928,0.286176467142492,0.2188897
1120,0.368469749891665,0.288011264426237,0.20683
1122,0.370416049111956,0.289957563646534,0.2015831
1124,0.37243187857364,0.291973393108226,0.2057545
1126,0.374058395198182,0.293599909732775,0.2199961
1128,0.375386715295175,0.294928229829776,0.1999143
1130,0.376289681362774,0.295831195897381,0.2143158
1132,0.376362865499868,0.295904380034484,0.192643
1134,0.375815025344027,0.295356539878651,0.1904121
1136,0.374012414447582,0.293553928982215,0.2164868
1138,0.371619545783429,0.291161060318071,0.2087352
1140,0.368071641012614,0.287613155547267,0.2250483
1142,0.363956115205937,0.2834976297406,0.2133687
1144,0.359219534046563,0.278761048581238,0.2108008
1146,0.354175675832416,0.273717190367103,0.2067156
1148,0.348923812316015,0.268465326850715,0.2253264
1150,0.343593402693671,0.263134917228384,0.2258979
1152,0.338260208145387,0.257801722680114,0.2248637
1154,0.332931773728009,0.252473288262749,0.2043561
1156,0.327594710419859,0.247136224954613,0.2246882
1158,0.322262699057884,0.241804213592652,0.2248446
1160,0.317666771170632,0.237208285705414,0.2247501
1162,0.31425534307133,0.233796857606126,0.228635
1164,0.312011378268267,0.231552892803077,0.2116385
1166,0.310571846705574,0.230113361240397,0.221088
1168,0.3095926715858,0.229134186120636,0.2114421
1170,0.308973623509783,0.228515138044633,0.2491963
1172,0.308541585910713,0.228083100445577,0.2217388
1174,0.308264130582811,0.227805645117689,0.2112295
1176,0.308071469255854,0.227612983790745,0.2048222
1178,0.307944671110263,0.227486185645168,0.2231192
1180,0.307864618943104,0.227406133478023,0.2016483
1182,0.307809602864707,0.22735111739964,0.2264954
1184,0.30779872317769,0.227340237712637,0.2061613
1186,0.309072133031606,0.228613647566566,0.2189462
1188,0.31134853283315,0.230890047367903,0.2159877
1190,0.317846801599664,0.237388316134259,0.2381306
1192,0.324946526574409,0.244488041108905,0.208767
1194,0.333914970270396,0.253456484804847,0.208365
1196,0.342026478773078,0.261567993307513,0.2118159
1198,0.350908954979871,0.270450469514303,0.2190648
1200,0.359607741467811,0.279149256002241,0.1943681
1202,0.368398648446408,0.287940162980833,0.2146608
1204,0.377330387524497,0.296871902058916,0.2308503
1206,0.386188129763929,0.305729644298341,0.2074196
1208,0.394716193604148,0.314257708138556,0.2121748
1210,0.402922809532531,0.322464324066936,0.2187279
1212,0.410745400384897,0.330286914919301,0.2031725
1214,0.417777851867861,0.337319366402265,0.2176963
1216,0.424249474735994,0.343790989270398,0.2176167
1218,0.429428384087559,0.348969898621963,0.1911167
1220,0.43396038835975,0.353501902894154,0.204927
1222,0.436968210502523,0.356509725036927,0.2025104
1224,0.439133308055663,0.358674822590067,0.2342009
1226,0.439779406696834,0.359320921231237,0.2320701
1228,0.439547033320802,0.359088547855205,0.2186667
1230,0.438499257652437,0.358040772186841,0.1870577
1232,0.436369573561603,0.355911088096007,0.1889967
1234,0.433657914225477,0.353199428759881,0.2043249
1236,0.430182232608267,0.34972374714267,0.2137204
1238,0.42638718432142,0.345928698855824,0.223795
1240,0.422494557389421,0.342036071923824,0.1882913
1242,0.418462271869655,0.338003786404059,0.21822
1244,0.414478229350959,0.334019743885363,0.2357753
1246,0.41044146661104,0.329982981145444,0.1919082
1248,0.406730018254803,0.326271532789207,0.2034766
1250,0.40322650391717,0.322768018451574,0.2089585
1252,0.400002792361753,0.319544306896156,0.2190609
1254,0.396889626498985,0.316431141033388,0.2089031
1256,0.393860269638688,0.313401784173092,0.2031393
1258,0.39090780242537,0.310449316959774,0.220094
1260,0.388351504409415,0.307893018943818,0.2027833
1262,0.386073411380352,0.305614925914756,0.2061598
1264,0.384149212533218,0.303690727067622,0.2241984
1266,0.382349200022602,0.301890714557006,0.2032851
1268,0.380672350218169,0.300213864752573,0.2270033
1270,0.379074844858493,0.298616359392897,0.2100022
1272,0.377513938669098,0.297055453203502,0.1984662
1274,0.37656930724128,0.296110821775684,0.197598
1276,0.376020577256874,0.295562091791277,0.2379707
1278,0.376019592809428,0.295561107343832,0.2375771
1280,0.376650026831385,0.296191541365788,0.2016209
1282,0.377765761137468,0.297307275671872,0.1898705
1284,0.379412694407784,0.298954208942187,0.2291936
1286,0.381238348278047,0.300779862812451,0.2394651
1288,0.383274795188083,0.302816309722487,0.234099
1290,0.385418145085527,0.30495965961993,0.250272
1292,0.387474651749147,0.307016166283551,0.2685911
1294,0.389500317475827,0.309041832010231,0.221343
1296,0.391414089309855,0.310955603844259,0.2715375
1298,0.393314374159139,0.312855888693542,0.204797
1300,0.395187446899627,0.314728961434031,0.2163841
1302,0.397033459302662,0.316574973837065,0.2120877
1304,0.398148607139039,0.317690121673442,0.2229651
1306,0.398780592069923,0.318322106604326,0.2048627
1308,0.398753996024714,0.318295510559118,0.213599
1310,0.398492336718099,0.318033851252503,0.2163602
1312,0.397934978488846,0.317476493023249,0.2044424
1314,0.397164941659104,0.316706456193507,0.2023703
1316,0.396261465763724,0.315802980298127,0.194718
1318,0.395252275600105,0.314793790134507,0.2069179
1320,0.394174174316944,0.313715688851347,0.1963821
1322,0.392487142976867,0.312028657511272,0.2103338
1324,0.391277665380791,0.310819179915196,0.1989283
1326,0.387793812192205,0.30733532672661,0.2067685
1328,0.384291429399392,0.303832943933796,0.2027152
1330,0.379319110956104,0.298860625490508,0.2015807
1332,0.374581423517755,0.294122938052159,0.2148517
1334,0.369527513112959,0.289069027647363,0.2049158
1336,0.363627561520474,0.283169076054879,0.2499832
1338,0.357378531381558,0.276920045915962,0.2176168
1340,0.350326743812987,0.269868258347392,0.2330226
1342,0.343160744421774,0.262702258956179,0.2155592
1344,0.335689298711795,0.255230813246199,0.1906658
1346,0.328114135678098,0.247655650212503,0.209665
1348,0.321678265813366,0.241219780347771,0.2110801
1350,0.316858384841825,0.236399899376229,0.2202452
1352,0.313765090846588,0.233306605380992,0.2155247
1354,0.311721017160485,0.231262531694889,0.2011739
1356,0.310357754513957,0.229899269048362,0.2049169
1358,0.309472646595122,0.229014161129527,0.2032336
1360,0.308851700946744,0.228393215481149,0.2361422
1362,0.30844566724221,0.227987181776616,0.2308315
1364,0.308153078962815,0.227694593497221,0.2140639
1366,0.307958223115507,0.227499737649914,0.1900849
1368,0.307821633906452,0.227363148440859,0.2056677
1370,0.307730453395876,0.227271967930283,0.2012152
1372,0.307672323280691,0.227213837815099,0.2446383
1374,0.307628671129357,0.227170185663766,0.2106574
1376,0.307605937636468,0.227147452170878,0.1952574
1378,0.307588300489817,0.227129815024229,0.2080853
1380,0.307582740627059,0.227124255161473,0.2024082
1382,0.307576376451855,0.22711789098627,0.2286227
1384,0.30757444986113,0.227115964395548,0.2112038
1386,0.30757155251617,0.227113067050595,0.2355399
1388,0.311327527261265,0.231274822769337,0.2133333
1390,0.325880732977387,0.247571459063363,0.2086792
1392,0.349272989979641,0.273955904717372,0.2186748
1394,0.380662262282373,0.309074634774325,0.2080241
1396,0.412410705139877,0.344614536386615,0.1961082
1398,0.444156008655184,0.379773605704827,0.229449
1400,0.469239339538842,0.407407071234446,0.2173891
1402,0.488720290192897,0.42851607560573,0.1927069
1404,0.501354411337994,0.441988844425481,0.2273314
1406,0.508870433323849,0.449803811173946,0.2510255
1408,0.512601861424735,0.453521406560281,0.2239808
1410,0.513200674793543,0.453944962730258,0.2301501
1412,0.512286491771325,0.452818684869374,0.2012477
1414,0.510202782109822,0.450514465850476,0.2074659
1416,0.506764919165829,0.446765863103259,0.2583872
1418,0.503176269248692,0.442789256455029,0.2301905
1420,0.499099668745944,0.438289365316416,0.2220869
1422,0.495356698003096,0.434147235033593,0.2027001
1424,0.492267828192656,0.430729416748158,0.2211778
1426,0.489708747216837,0.427930088989951,0.2177554
1428,0.487898776858088,0.425970306377806,0.2411302
1430,0.486742862810375,0.424742761378474,0.2508121
1432,0.486157236629855,0.424146038378752,0.2127394
1434,0.486102955888668,0.424124284792728,0.2152233
1436,0.486417487682065,0.42449901257429,0.2003056
1438,0.486981306754093,0.42513733118711,0.2054558
1440,0.487670187040053,0.425904123301788,0.1937413
1442,0.488363453993661,0.42667011678888,0.2113518
1444,0.488992466737849,0.427360916449491,0.2110606
1446,0.489508996446493,0.427925120468501,0.2018121
1448,0.489893532775709,0.428342348358261,0.2117028
1450,0.490149833554382,0.428617317308003,0.2249226
1452,0.490288683596844,0.428762885586714,0.2170483
1454,0.49032966817826,0.428801307267245,0.2012576
1456,0.490295303005706,0.428757921884735,0.2131921
1458,0.49020822528163,0.428658027159377,0.1856702
1460,0.490082462888834,0.428517174925822,0.1885928
1462,0.489845876430704,0.428255631733767,0.2347673
1464,0.489319101710355,0.427671035771597,0.2153099
1466,0.488237096213733,0.426462730575773,0.2193146
1468,0.48709070670222,0.425112465503636,0.2199216
1470,0.485541025995639,0.423220509227703,0.1996918
1472,0.484253683924511,0.421410180518833,0.2045893
1474,0.48036060619387,0.41681067168749,0.2011258
1476,0.480767263008814,0.416354606939245,0.2068193
1478,0.478293680044805,0.412842329861066,0.1840586
1480,0.478235348817088,0.411662246936685,0.2171169
1482,0.477576254102387,0.409797098922399,0.2330026
1484,0.476065003850442,0.406984032075041,0.2162009
1486,0.476062347976742,0.405606332690394,0.1925593
1488,0.475326082068312,0.403413010687472,0.2069894
1490,0.475564522416995,0.402146301766304,0.2091531
1492,0.475880458139191,0.400905886751428,0.2156492
1494,0.476217044875388,0.399638252549921,0.2000986
1496,0.47733667959522,0.399204624758037,0.1909687
1498,0.484202852666437,0.405105919731176,0.2051812
1500,0.492249387793499,0.412626051158011,0.1986621
1502,0.504664475248598,0.424778715192203,0.1972506
1504,0.517913295417059,0.43788810269001,0.2175275
1506,0.531137615459036,0.451013182633455,0.2237407
1508,0.545290105475469,0.465075513196926,0.2070005
1510,0.554612866313283,0.474316264723398,0.2277049
1512,0.570542576670438,0.490180372197614,0.2098778
1514,0.58227792189469,0.501871509727326,0.2003553
1516,0.594298972935488,0.51386811739093,0.2153712
1518,0.609330809716142,0.528889236974972,0.1999512
1520,0.620069070425437,0.539623749205292,0.228209
1522,0.6296370993783,0.549190092322379,0.2038803
1524,0.638908308969021,0.558459352634957,0.211308
1526,0.646720806455836,0.566269284196107,0.2153827
1528,0.650103888167835,0.569649739270958,0.1782965
1530,0.655733220897915,0.575276992135724,0.2091353
1532,0.660207894228057,0.579750392459847,0.2052243
1534,0.662944347753816,0.582486282800997,0.2062344
1536,0.6657047698124,0.585246574575282,0.2750651
1538,0.668703285518748,0.588245119924468,0.1960464
1540,0.671354922690393,0.590896777685147,0.2026748
1542,0.673617233693692,0.593159045460617,0.1786168
1544,0.675295225518122,0.594836948279592,0.1902807
1546,0.676880344788721,0.596421973391184,0.1987011
1548,0.678389287855555,0.597930847146899,0.2346452
1550,0.679630567833739,0.599172091477604,0.1803537
1552,0.680666637718692,0.600208152027565,0.2093249
1554,0.681637843716197,0.601179361758419,0.1837606
1556,0.682556607520275,0.602098131354538,0.1934795
1558,0.683167897251611,0.602709423468524,0.2015108
1560,0.683671352467457,0.603212877074345,0.2218496
1562,0.683151752948179,0.602693273856105,0.2162995
1564,0.682280732591494,0.601822249867949,0.2109
1566,0.680603397764093,0.600144912704953,0.1986477
1568,0.67837262169433,0.597914135751464,0.2111049
1570,0.675755869148062,0.595297383283734,0.2328172
1572,0.672657085568975,0.592198600124888,0.2031351
1574,0.669197663165171,0.588739178055903,0.2086813
1576,0.667114897752208,0.586656412740379,0.2022386
1578,0.661126195686805,0.580667710580364,0.1938745
1580,0.655706815398661,0.575248330123972,0.2103766
1582,0.650972679148194,0.570514193730302,0.2120968
1584,0.644916394834711,0.564457909341215,0.2116194
1586,0.63805257246387,0.557594086956432,0.2081884
1588,0.631468457155656,0.551009971667436,0.219246
1590,0.624968298904602,0.544509813441046,0.2092323
1592,0.61815463575891,0.537696150310057,0.2229528
1594,0.611242300203022,0.53078381475623,0.1888005
1596,0.60442311514125,0.523964629688549,0.2024755
1598,0.598054467631599,0.517595982171158,0.2628035
1600,0.591733488343096,0.511275002877127,0.1965732
1602,0.585647594175311,0.505189108707168,0.1924982
1604,0.580705841129413,0.500247355661599,0.2152698
1606,0.576028279134925,0.495569793668449,0.2112464
1608,0.571806070820084,0.49134758535479,0.204131
1610,0.568156315102327,0.487697829637571,0.2112881
1612,0.564637187371915,0.484178701907106,0.2247569
1614,0.561208058055382,0.480749572590231,0.2039305
1616,0.557270072816143,0.476811587350645,0.1899723
1618,0.553183920561006,0.472725435095306,0.1928103
1620,0.548718611593511,0.468260126127767,0.2143264
1622,0.54394282506434,0.463484339598646,0.192749
1624,0.538876330380824,0.458417844915204,0.2058962
1626,0.53360442921286,0.453145943747288,0.2228722
1628,0.528101620890423,0.447643135424867,0.2250394
1630,0.524333765600715,0.44387528013515,0.2072069
1632,0.517442631530665,0.436984146065082,0.1988829
1634,0.512385246701967,0.43192676123637,0.1880664
1636,0.506184238359984,0.425725752894381,0.2151784
1638,0.499869435525518,0.419410950059915,0.2077336
1640,0.494490145645338,0.414031660179738,0.2070925
1642,0.490336557642488,0.409878072176892,0.2013482
1644,0.484259240448303,0.403800754982709,0.183485
1646,0.480438951392319,0.399980465926726,0.2057387
1648,0.475668374074478,0.395209888608883,0.2115099
1650,0.471688880681642,0.391230395216045,0.1930896
1652,0.468442046738062,0.387983561272464,0.1970464
1654,0.465256241785028,0.384797756319431,0.21282
1656,0.462695023850494,0.382236538384898,0.1922938
1658,0.460505321977135,0.380046836511539,0.2031077
1660,0.458402075944475,0.37794359047888,0.2087659
1662,0.456521540415261,0.376063054949666,0.1836272
1664,0.45494083621918,0.374482350753584,0.2017431
1666,0.453518564881668,0.373060079416072,0.2144636
1668,0.4523608241604,0.371902338694803,0.223197
1670,0.451285444991967,0.370826959526371,0.1903708
1672,0.450277841031834,0.369819355566238,0.2156175
1674,0.449345810790902,0.368887325325305,0.189315
1676,0.449110785875422,0.368652300409825,0.1928383
1678,0.449230632955032,0.368772147489436,0.1895123
1680,0.4499402170843,0.369481731618704,0.2023569
1682,0.451683673286163,0.371225187820567,0.2345912
1684,0.453949237822392,0.373490752356798,0.2207885
1686,0.457080518024102,0.376622032558507,0.2047081
1688,0.461140939595644,0.38068245413005,0.2187454
1690,0.463853425337317,0.383394939871721,0.1880822
1692,0.471222320904805,0.390763835439206,0.2143434
1694,0.477331337782585,0.396872852316985,0.2068329
1696,0.476987088752441,0.39652860328684,0.1904886
1698,0.480350269807421,0.399891784341821,0.2176386
1700,0.478160178708918,0.39770169324332,0.1889196
1702,0.479443100005004,0.398984614539408,0.2094309
1704,0.48082107264876,0.400362587183166,0.2101182
1706,0.480959092367385,0.40050060690179,0.2319497
1708,0.48237372244358,0.401915236977984,0.1955844
1710,0.483287216569459,0.402828731103863,0.2251552
1712,0.483876505413818,0.403418019948222,0.2177236
1714,0.484093290098151,0.403634804632554,0.2005043
1716,0.483860799035693,0.403402313570096,0.216964
1718,0.483166471759088,0.402707986293491,0.2070986
1720,0.482429368218053,0.401970882752456,0.1961744
1722,0.481509261965129,0.401050776499533,0.2347932
1724,0.480471046226542,0.400012560760946,0.2114671
1726,0.479449764077431,0.398991278611835,0.203123
1728,0.47850383549877,0.398045350033173,0.1893053
1730,0.477584686868998,0.397126201403402,0.1932085
1732,0.477007172631775,0.396548687166179,0.2092858
1734,0.477237495107755,0.396779009642159,0.211805
1736,0.477763578650226,0.39730509318463,0.1828829
1738,0.478924813004899,0.398466327539303,0.2070576
1740,0.480197071306732,0.399738585841137,0.2074623
1742,0.481609669565383,0.401151184099788,0.2024659
1744,0.483045342552109,0.402586857086513,0.1996701
1746,0.484006904930261,0.403548419464664,0.1909309
1748,0.484682573278282,0.404224087812685,0.2211605
1750,0.484358970416446,0.403900484950849,0.2146053
1752,0.483750535968359,0.403292050502762,0.2063143
1754,0.482584205347689,0.402125719882093,0.2017155
1756,0.48131071521727,0.400852229751674,0.1976002
1758,0.480266902648606,0.39980841718301,0.2080504
1760,0.479156930750736,0.398698445285141,0.2003751
1762,0.478190905682907,0.397732420217312,0.1961754
1764,0.476971341151507,0.396512855685911,0.1900036
1766,0.47567422179672,0.395215736331124,0.1841635
1768,0.474253035919956,0.39379455045436,0.2287515
1770,0.472785666825242,0.392327181359646,0.1928407
1772,0.471405247398371,0.390946761932775,0.2271765
1774,0.470367984009176,0.38990949854358,0.1859954
1776,0.469449696578181,0.388991211112586,0.2271673
1778,0.468805482379398,0.388346996913803,0.2138089
1780,0.468363690161983,0.387905204696388,0.2274298
1782,0.46855237685769,0.388093891392095,0.1938575
1784,0.469174019897497,0.388715534431902,0.2011438
1786,0.470782040634487,0.390323555168892,0.215508
1788,0.472692774956165,0.39223428949057,0.2099502
1790,0.475134534915041,0.394676049449446,0.2147014
1792,0.477758980488088,0.397300495022493,0.207099
1794,0.480465439150214,0.400006953684619,0.2040831
1796,0.48332410304274,0.402865617577145,0.2202087
1798,0.486201614197145,0.40574312873155,0.2068058
1800,0.489130566198838,0.408672080733243,0.2240846
1802,0.492099918661863,0.411641433196269,0.2059363
1804,0.495073885353552,0.414615399887957,0.2128173
1806,0.49785766197703,0.417399176511435,0.2192722
1808,0.499921558819902,0.419463073354306,0.2143979
1810,0.501773834922753,0.421315349457157,0.1935353
1812,0.502939946527694,0.422481461062097,0.199239
1814,0.503438419589542,0.422979934123945,0.1980944
1816,0.50370178301251,0.423243297546913,0.2031508
1818,0.503411601854161,0.422953116388565,0.2170359
1820,0.502789844895823,0.422331359430227,0.202546
1822,0.50139650135335,0.420938015887755,0.2338273
1824,0.499641253962842,0.419182768497246,0.2128138
1826,0.497386678436156,0.416928192970561,0.191071
1828,0.495075033317762,0.414616547852167,0.1902486
1830,0.492673167351662,0.412214681886067,0.2010833
1832,0.490201330868425,0.40974284540283,0.1801673
1834,0.487707671855658,0.407249186390063,0.1787567
1836,0.485174130630377,0.404715645164781,0.1974317
1838,0.482621182963717,0.402162697498121,0.1912786
1840,0.480060539673785,0.399602054208189,0.2254179
1842,0.477666597546472,0.397208112080876,0.1887538
1844,0.475899877334516,0.39544139186892,0.2067638
1846,0.474337565831087,0.393879080365492,0.2352091
1848,0.473252314024297,0.392793828558702,0.1970825
1850,0.472251503148949,0.391793017683354,0.1820881
1852,0.471453943125035,0.390995457659439,0.2092025
1854,0.471135942051145,0.390677456585549,0.1999994
1856,0.470952227000788,0.390493741535193,0.2250934
1858,0.471089518947863,0.390631033482267,0.2006402
1860,0.471306743900516,0.39084825843492,0.2052078
1862,0.471590367932302,0.391131882466706,0.2261732
1864,0.471964206644521,0.391505721178925,0.2063996
1866,0.472349071811848,0.391890586346252,0.2073531
1868,0.472766554176378,0.392308068710783,0.2000682
1870,0.473206363914125,0.39274787844853,0.2084574
1872,0.473650676724777,0.393192191259182,0.2044079
1874,0.473919126101473,0.393460640635878,0.2225115
1876,0.473534724279837,0.393076238814242,0.2322363
1878,0.472928810686543,0.392470325220948,0.2128295
1880,0.471829152095317,0.391370666629721,0.2015797
1882,0.470534762402599,0.390076276937004,0.2077361
1884,0.468770854448182,0.388312368982586,0.2120228
1886,0.466748428648551,0.386289943182956,0.2103888
1888,0.464437345159648,0.383978859694053,0.2072368
1890,0.462020980680993,0.381562495215399,0.2184887
1892,0.459507291176073,0.379048805710478,0.2056637
1894,0.456915322705756,0.376456837240161,0.2151502
1896,0.454294171398113,0.373835685932518,0.2249759
1898,0.451639998532746,0.371181513067152,0.2388847
1900,0.448702332072333,0.368243846606738,0.2137534
1902,0.44535004539978,0.364891559934185,0.2131756
1904,0.443100009409598,0.362641523944002,0.2179947
1906,0.439715520889358,0.359257035423762,0.2010092
1908,0.437034986836644,0.356576501371048,0.2010041
1910,0.433429632293378,0.352971146827782,0.2227881
1912,0.429876002222324,0.349417516756728,0.2181549
1914,0.426317463581509,0.345858978115914,0.2148368
1916,0.422500046933756,0.342041561468161,0.236588
1918,0.41880233684286,0.338343851377266,0.2062086
1920,0.414995070377892,0.334536584912297,0.2121822
1922,0.411347184557191,0.330888699091596,0.2252166
1924,0.408310207931979,0.327851722466385,0.2145967
1926,0.405487384681431,0.325028899215837,0.2162551
1928,0.403389649507774,0.32293116404218,0.2222527
1930,0.40221675903517,0.321758273569576,0.2023274
1932,0.401842072631385,0.321383587165792,0.1897612
1934,0.403065323138921,0.322606837673328,0.2128097
1936,0.405027950184338,0.324569464718744,0.2286817
1938,0.408961688439767,0.328503202974173,0.2041051
1940,0.413787966864573,0.33332948139898,0.2198354
1942,0.420751472151428,0.340292986685835,0.2216971
1944,0.428442680728913,0.34798419526332,0.2148957
1946,0.43725746399419,0.356798978528597,0.2092691
1948,0.446559745581351,0.366101260115758,0.2059647
1950,0.456675354000357,0.376216868534764,0.2482658
1952,0.467272475312604,0.386813989847012,0.2081647
1954,0.478517572623947,0.398059087158356,0.2050401
1956,0.490688120014934,0.410229634549343,0.2084231
1958,0.503233714135145,0.422775228669554,0.2057866
1960,0.517778862787132,0.437320377321541,0.2000142
1962,0.534633041537608,0.454174556072018,0.1994886
1964,0.544578865699243,0.464120380233653,0.2240853
1966,0.560094526667095,0.479636041201506,0.2159344
1968,0.571920544446724,0.491462058981135,0.2320397
1970,0.583514389053163,0.503055903587574,0.1965042
1972,0.595574347076455,0.515115861610867,0.2151077
1974,0.605307178645282,0.524848693179695,0.2042901
1976,0.612416569179212,0.531958083713625,0.1985525
1978,0.618968674116139,0.538510188650552,0.1930935
1980,0.624466112185086,0.544007626719498,0.2260765
1982,0.62856825701831,0.548109771552722,0.1915981
1984,0.631247862385639,0.550789376920049,0.2214745
1986,0.633755299958925,0.553296814493335,0.1909265
1988,0.635330185074222,0.554871699608631,0.2122663
1990,0.635266736953614,0.554808251488022,0.2096983
1992,0.634694487221535,0.554236001755943,0.2187214
1994,0.632810355370803,0.552351869905211,0.190731
1996,0.630288269726301,0.549829784260707,0.1938444
1998,0.627099698399466,0.546641212933872,0.2130438
2000,0.623350424412056,0.542891938946461,0.2090053
2002,0.619327628551841,0.538869143086246,0.2153728
2004,0.615145325952773,0.534686840487179,0.183937
2006,0.610794069972679,0.530335584507085,0.2371022
2008,0.606330196016882,0.525871710551287,0.1936129
2010,0.601813713778694,0.521355228313099,0.2092416
2012,0.597407492537447,0.516949007071852,0.20865
2014,0.593456503864457,0.512998018398861,0.2374586
2016,0.589523851302477,0.509065365836881,0.1938458
2018,0.585876416591248,0.505417931125652,0.2048656
2020,0.582444009673583,0.501985524207987,0.2063533
2022,0.579322516383647,0.498864030918051,0.1829519
2024,0.577263599325098,0.496805113859502,0.1947988
2026,0.575401244547448,0.494942759081853,0.2111477
2028,0.574380045229772,0.493921559764177,0.1929453
2030,0.574400387359931,0.493941901894335,0.1950561
2032,0.574823559892618,0.494365074427023,0.182579
2034,0.576686410360472,0.496227924894876,0.2279325
2036,0.579069300959823,0.498610815494227,0.2027254
2038,0.582043178567972,0.501584693102376,0.1820684
2040,0.585489001877149,0.505030516411553,0.2232333
2042,0.589111388390611,0.508652902925014,0.1823174
2044,0.592891538142191,0.512433052676594,0.1883757
2046,0.59682656305608,0.516368077590484,0.2114381
2048,0.600833518608326,0.52037503314273,0.2251144
2050,0.60487765506078,0.524419169595183,0.2025819
2052,0.608960681474723,0.528502196009126,0.2014148
2054,0.613070715330166,0.532612229864569,0.2234843
2056,0.617192951993097,0.5367344665275,0.2053254
2058,0.621322429650405,0.540863944184809,0.195088
2060,0.625458304058257,0.544999818592661,0.2084475
2062,0.629598557165891,0.549140071700294,0.1858446
2064,0.633625256371514,0.553166770905917,0.1982808
2066,0.637273160646527,0.55681467518093,0.2039204
2068,0.640915309181043,0.560456823715445,0.1936325
2070,0.644143706217703,0.563685220752104,0.2692589
2072,0.646263525804846,0.565805040339247,0.2011591
2074,0.648098870561425,0.567640385095827,0.19229
2076,0.648923879974207,0.568465394508609,0.2404204
2078,0.64926923410488,0.568810748639281,0.2243568
2080,0.648821041538137,0.568362556072539,0.1887999
2082,0.647303215535037,0.56684473006944,0.2078194
2084,0.646866435847586,0.566407950381989,0.212114
2086,0.644842314660449,0.564383829194852,0.1902029
2088,0.642265201184752,0.561806715719156,0.2299384
2090,0.638664153359956,0.55820566789436,0.2023341
2092,0.634792353090883,0.554333867625286,0.2040164
2094,0.63013893478601,0.549680449320413,0.2154867
2096,0.624782788569672,0.544324303104075,0.2464938
2098,0.619231325457386,0.538772839991788,0.2012374
2100,0.613575499167539,0.533117013701941,0.2030634
2102,0.607583269967079,0.527124784501482,0.2266877
2104,0.601054934447891,0.520596448982294,0.2722692
2106,0.594486395079831,0.514027909614233,0.232777
2108,0.587637918982512,0.507179433516915,0.2109372
2110,0.580630218633761,0.500171733168164,0.2051231
2112,0.573897713758242,0.493439228292645,0.2253656
2114,0.567152947665355,0.486694462199758,0.2178439
2116,0.560524233235269,0.480065747769672,0.2053942
2118,0.554134501002312,0.473676015536715,0.2187645
2120,0.54818526940909,0.467726783943493,0.2078306
2122,0.542346828494421,0.461888343028824,0.1888731
2124,0.536864852290468,0.456406366824871,0.195611
2126,0.531521113947933,0.451062628482336,0.2188011
2128,0.526204457277821,0.445745971812224,0.2140309
2130,0.520996890615345,0.440538405149748,0.1859482
2132,0.516016937875444,0.435558452409848,0.2001538
2134,0.51166660538094,0.431208119915343,0.2327969
2136,0.507516407081058,0.427057921615461,0.189389
2138,0.504095357419167,0.42363687195357,0.2163271
2140,0.501698981525247,0.42124049605965,0.2097427
2142,0.499622939933801,0.419164454468205,0.1940108
2144,0.498577489555557,0.41811900408996,0.2299705
2146,0.498442409938019,0.417983924472422,0.2227573
2148,0.498846725897998,0.418388240432401,0.1866051
2150,0.500700363961018,0.420241878495422,0.1976663
2152,0.502914403809153,0.422455918343556,0.2069806
2154,0.505980338407075,0.425521852941478,0.2256668
2156,0.510121723676457,0.42966323821086,0.2230628
2158,0.51457599574825,0.434117510282653,0.2003068
2160,0.519760840919358,0.439302355453761,0.2012721
2162,0.52513731726531,0.444678831799714,0.2188776
2164,0.530406506982229,0.449948021516632,0.1917985
2166,0.535849747579692,0.455391262114096,0.2162628
2168,0.540972134084941,0.460513648619344,0.1922815
2170,0.545225788679745,0.464767303214148,0.1885607
2172,0.549356634143124,0.468898148677527,0.1845799
2174,0.552616712824959,0.472158227359361,0.2080658
2176,0.554669158058875,0.474210672593278,0.1983203
2178,0.556522484156054,0.476063998690457,0.2155108
2180,0.557587139257558,0.477128653791961,0.1953063
2182,0.558239021284484,0.477780535818888,0.2296587
2184,0.558843846493077,0.47838536102748,0.2055291
2186,0.559229958646002,0.478771473180406,0.2049116
2188,0.559466095292562,0.479007609826965,0.1855563
2190,0.559686461698224,0.479227976232628,0.202959
2192,0.559850717737567,0.479392232271971,0.2105682
2194,0.559967996951409,0.479509511485813,0.2082287
2196,0.560079577180674,0.479621091715078,0.1995477
2198,0.560177710730871,0.479719225265275,0.2253494
2200,0.560167593671738,0.479709108206142,0.2059067
2202,0.559856807545292,0.479398322079695,0.2044692
2204,0.559280467809603,0.478821982344007,0.2340327
2206,0.557781687519948,0.477323202054351,0.2495461
2208,0.55605619021122,0.475597704745624,0.2046845
2210,0.553841685561943,0.473383200096346,0.2305496
2212,0.551107742088244,0.470649256622648,0.219879
2214,0.547047613307097,0.4665891278415,0.239014
2216,0.543248140270906,0.46278965480531,0.2063501
2218,0.538256344682201,0.457797859216604,0.2068173
2220,0.533089828237361,0.452631342771765,0.2230591
2222,0.52789290291719,0.447434417451593,0.2330154
2224,0.52414951726557,0.443691031799973,0.2047473
2226,0.517299639815886,0.436841154350289,0.2100507
2228,0.512329650808895,0.431871165343298,0.1881046
2230,0.50612467537375,0.425666189908154,0.2286839
2232,0.499826214959804,0.419367729494208,0.1950704
2234,0.494471283555211,0.414012798089614,0.1954408
2236,0.490316137717112,0.409857652251515,0.2179368
2238,0.484248844691736,0.403790359226139,0.2052182
2240,0.48043456866362,0.399976083198024,0.1951723
2242,0.475663095862701,0.395204610397105,0.1846692
2244,0.471686754809653,0.391228269344057,0.2294573
2246,0.468440005918066,0.38798152045247,0.205145
2248,0.465254089179627,0.384795603714031,0.1933637
2250,0.462694038366896,0.3822355529013,0.2012613
2252,0.460504404810367,0.38004591934477,0.2086935
2254,0.458401656289351,0.377943170823754,0.1866101
2256,0.456521496778904,0.376063011313307,0.2028445
2258,0.454940754688526,0.374482269222929,0.2048785
2260,0.453518572491215,0.373060087025618,0.2246992
2262,0.452360763925451,0.371902278459854,0.2074121
2264,0.451285329505431,0.370826844039834,0.1932012
2266,0.45027775298318,0.369819267517584,0.2065893
2268,0.449345730947821,0.368887245482225,0.2103907
2270,0.449110752887926,0.36865226742233,0.2367552
2272,0.449230636923541,0.368772151457945,0.182006
2274,0.449940232577374,0.369481747111778,0.1930569
2276,0.451683693460527,0.371225207994931,0.2112371
2278,0.453949246251215,0.373490760785619,0.1924909
2280,0.457080514330481,0.376622028864885,0.2228459
2282,0.461131672490794,0.380673187025197,0.1944364
2284,0.463865488371354,0.383407002905758,0.2052919
2286,0.471204591141831,0.390746105676235,0.2223854
2288,0.47740203210875,0.396943546643153,0.2248565
2290,0.485911851942505,0.405453366476908,0.2025927
2292,0.494341870880162,0.413883385414565,0.2163526
2294,0.502303391165282,0.421844905699685,0.2084856
2296,0.511037215655414,0.430578730189817,0.1991422
2298,0.519596000432873,0.439137514967276,0.1994249
2300,0.528131951123107,0.44767346565751,0.1969009
2302,0.536899240772219,0.456440755306622,0.2034165
2304,0.545321399880464,0.464862914414867,0.2172118
2306,0.553621129858792,0.473162644393194,0.2103551
2308,0.561815257759369,0.481356772293772,0.2064133
2310,0.569851287872228,0.489392802406631,0.2123778
2312,0.577241314455222,0.496782828989625,0.2269673
2314,0.584416784054791,0.503958298589195,0.2061015
2316,0.591248079575959,0.510789594110362,0.1973305
2318,0.597078604960532,0.516620119494935,0.2215159
2320,0.602603958113581,0.522145472647985,0.1986931
2322,0.607808054591463,0.527349569125867,0.2196105
2324,0.612542544901482,0.532084059435885,0.1978614
2326,0.616341251338059,0.535882765872462,0.2184892
2328,0.619869120372359,0.539410634906761,0.21245
2330,0.623061421203047,0.542602935737449,0.2068967
2332,0.625712854601751,0.545254369136154,0.206324
2334,0.628132600797273,0.547674115331676,0.2034974
2336,0.630490952912203,0.550032467446606,0.1918136
2338,0.63272286148725,0.552264376021653,0.2041411
2340,0.635342868526868,0.554884383061271,0.2149402
2342,0.638029207782996,0.557570722317399,0.2171458
2344,0.639596169012092,0.559137683546495,0.1985815
2346,0.643413691693652,0.562955206228054,0.198807
2348,0.646180301541906,0.565721816076308,0.2144048
2350,0.648315428137984,0.567856942672387,0.1952341
2352,0.651005877163883,0.570547391698286,0.2231536
2354,0.653687255135177,0.573228769669581,0.2151992
2356,0.654759927145586,0.57430144167999,0.1946385
2358,0.655371719633658,0.574913234168062,0.2029684
2360,0.655133436164069,0.574674950698472,0.2118736
2362,0.654137718179577,0.57367923271398,0.1961534
2364,0.651928817972307,0.57147033250671,0.2169981
2366,0.649033517116933,0.568575031651336,0.2207189
2368,0.645734887326333,0.565276401860736,0.2141405
2370,0.642766123779787,0.56230763831419,0.2026184
2372,0.639612016333512,0.559153530867915,0.1946948
2374,0.637409893523254,0.556951408057657,0.2195755
2376,0.635803528239356,0.55534504277376,0.1894752
2378,0.634578143404471,0.554119657938874,0.2530373
2380,0.634886284983929,0.554427799518353,0.2064288
2382,0.635788290967616,0.555329805502055,0.2026421
2384,0.637038312548686,0.556579827083135,0.1953168
2386,0.638950367011207,0.55849188154566,0.2029197
2388,0.641800278996196,0.561341793530648,0.1895942
2390,0.644894359367595,0.564435873902047,0.1900961
2392,0.648265110062532,0.567806624596982,0.2036736
2394,0.651670250717527,0.571211765251979,0.2202869
2396,0.655971721160101,0.575513235694555,0.2095949
2398,0.659092936434015,0.578634450968481,0.2139739
2400,0.574587529055077,0.494129043589565,0.2033732
